word,count
store,1528
launch,683
social,663
android,598
circle,587
today,577
network,467
line,448
party,401
free,388
called,354
mobile,350
like,308
time,306
major,297
check,266
temporary,265
opening,256
open,255
need,238
possibly,237
people,231
come,229
apps,226
downtown,224
great,222
going,220
map,216
mayer,211
popup,211
know,200
marissa,185
good,177
want,177
make,177
think,175
news,171
year,168
first,168
tech,167
product,167
panel,159
user,156
search,155
game,153
look,152
next,151
cool,151
music,150
location,147
best,146
love,146
shop,145
talk,144
design,143
thanks,141
show,140
tweet,138
awesome,135
video,134
around,131
rumor,131
thing,128
phone,127
would,126
last,125
session,125
case,122
right,121
anyone,118
japan,116
using,115
bing,115
say,114
download,113
austin,112
really,111
take,108
launching,108
even,108
still,107
event,105
photo,105
coming,104
team,104
week,104
congress,103
booth,103
future,102
twitter,100
itunes,98
circles,98
blackberry,98
facebook,98
heard,95
update,92
world,92
technology,92
find,89
hour,89
tonight,89
digital,89
ipads,89
everyone,89
back,85
code,85
designing,85
friend,84
win,84
could,83
work,83
geek,83
nice,82
getting,81
away,81
looking,80
doe,80
also,79
many,78
ever,78
temp,78
wait,77
please,76
live,76
long,75
fast,74
already,74
conference,73
platform,72
interesting,72
tomorrow,72
place,72
giving,71
interactive,71
night,70
detail,70
others,70
better,70
well,70
ubersocial,69
includes,69
uberguide,69
ready,69
block,69
laptop,68
gsdm,68
marketing,68
give,68
made,68
keep,68
much,68
someone,67
sell,67
service,67
every,67
action,67
join,66
available,66
post,65
meet,64
sure,64
help,64
battery,64
smart,63
company,63
get,62
hotpot,62
white,61
developer,61
winning,61
street,61
flipboard,60
else,59
based,59
tablet,59
relief,59
interface,59
charger,58
demo,58
room,58
begin,58
device,58
ranking,57
medium,56
stop,56
hope,55
seen,55
left,55
data,55
might,55
sponsored,54
hand,54
presentation,54
tapworthy,54
waiting,53
head,53
sampler,53
foursquare,52
another,52
content,52
heading,52
release,52
day,51
group,51
person,51
guide,51
navigation,51
working,51
building,51
taking,51
must,50
track,50
qagb,50
making,50
idea,49
start,49
mashable,49
site,49
info,49
business,49
gave,49
money,49
follow,48
sold,48
convention,48
life,48
view,48
core,48
valid,48
infektd,48
sale,47
physical,47
wonder,47
attendee,47
saving,47
front,47
rock,46
hootsuite,46
happy,46
card,46
screen,46
something,46
crowd,46
artist,46
connect,45
nerd,45
school,45
share,45
texas,45
guy,45
tell,45
excited,44
weekend,44
drink,44
band,44
blog,44
center,44
morning,43
power,43
trying,43
amazing,43
million,43
website,42
traffic,42
brain,42
used,42
outside,42
plenty,42
call,42
gowalla,41
speak,41
version,41
food,41
cont,41
experience,41
preview,41
feature,41
without,41
route,41
thought,40
uxdes,40
playing,40
camera,40
found,40
full,40
showing,40
feel,40
featured,40
talking,39
reward,39
industry,39
launched,39
wifi,39
wish,39
true,39
watch,39
daily,39
hear,39
instead,39
bring,39
book,38
fail,38
play,38
report,38
buzz,38
giveaway,38
sign,38
usage,38
edchat,37
chance,37
expert,37
lost,37
folk,37
dude,37
story,37
stuff,36
home,36
bought,36
probably,36
access,36
diller,36
pretty,36
able,36
checking,36
turn,35
aclu,35
plan,35
question,35
brilliant,35
built,35
set,35
doodle,35
march,35
microsoft,35
seems,35
meetup,35
brand,35
friday,35
never,35
musedchat,34
local,34
minute,34
maybe,34
real,34
tool,34
listening,34
huge,34
html,34
lot,34
market,34
said,34
starting,33
newtwitter,33
headache,33
thank,33
read,33
hipster,33
everything,33
schedule,33
ballroom,33
setting,33
hilton,33
everywhere,33
startup,33
socialmedia,33
note,33
soon,33
festival,32
hollergram,32
forward,32
south,32
selling,32
song,32
trade,32
offer,32
page,32
walking,32
analytics,32
late,31
discovery,31
classical,31
internet,31
pic,31
attending,31
touchingstories,31
checkins,31
month,31
strategy,31
genius,31
forget,31
newsapps,31
boomer,31
mean,30
award,30
queue,30
test,30
crazy,30
deal,30
macbook,30
contextual,30
updated,30
choice,30
official,30
including,30
http,29
town,29
type,29
earthquake,29
house,29
grab,29
behind,29
america,29
lounge,29
save,29
scheduled,29
since,29
tweeting,28
review,28
seeing,28
space,28
security,28
sweet,28
sound,28
packed,28
result,28
living,28
schema,28
killer,28
gonna,28
window,28
nothing,28
interview,28
marissagoogle,28
actually,27
yesterday,27
point,27
picture,27
city,27
keynote,27
retail,27
special,27
stream,27
move,27
enter,27
project,27
register,26
belinsky,26
wanna,26
enchantment,26
funny,26
juice,26
anything,26
verizon,26
interrupt,26
regularly,26
programming,26
list,26
magazine,26
charge,26
congrats,26
visit,26
flight,25
started,25
zazzlesxsw,25
stay,25
cnet,25
beta,25
sitting,25
customer,25
standing,25
apparently,25
maggie,25
ipod,25
always,25
information,25
important,25
pack,25
opened,24
audience,24
barry,24
catch,24
badge,24
early,24
sharing,24
shot,24
guess,24
spot,24
privacy,24
recommendation,24
almost,24
watching,24
haha,23
mark,23
blogger,23
ckers,23
speech,23
travel,23
went,23
took,23
issue,23
control,23
buying,23
miss,23
hall,23
attend,23
little,23
communication,22
stock,22
holler,22
gram,22
kawasaki,22
groupon,22
droid,22
engine,22
enjoy,22
least,22
samsung,22
film,22
pick,22
learn,22
course,22
girl,22
ride,22
go,22
computer,22
mistake,22
meeting,22
netflix,22
league,22
extraordinary,22
text,22
jealous,22
hard,22
finally,22
airport,21
done,21
change,21
except,21
le,21
step,21
picked,21
example,21
beyond,21
send,21
later,21
source,21
super,21
tattoo,21
released,21
cloud,21
showcased,20
plus,20
calendar,20
shirt,20
mind,20
gadget,20
part,20
wondering,20
rumored,20
development,20
stupid,20
near,20
surprise,20
woman,20
enough,20
app,20
exhibit,20
charging,20
employee,20
latest,20
fight,20
peep,20
drive,20
mike,20
useful,20
online,20
tyson,20
flash,19
system,19
value,19
model,19
credit,19
southwest,19
mile,19
busy,19
believe,19
missed,19
success,19
present,19
hello,19
across,19
bigger,19
anywhere,19
prize,19
create,19
word,19
consider,19
owner,19
reality,19
browser,19
favorite,19
asked,19
reading,19
trip,19
dead,18
running,18
gotta,18
added,18
plane,18
enjoying,18
pnid,18
name,18
easy,18
earth,18
contact,18
sxswh,18
saved,18
together,18
atx,18
chat,18
worth,18
holding,18
bringing,18
article,18
secret,18
past,18
touch,18
high,18
floor,18
challenge,18
killing,18
confirmed,18
heat,18
alarm,17
seo,17
suck,17
learning,17
spent,17
mophie,17
hacker,17
button,17
coffee,17
player,17
different,17
lonely,17
crowley,17
agree,16
black,16
hotel,16
purchase,16
lady,16
chrome,16
close,16
reader,16
yelp,16
improve,16
giant,16
among,16
groundlink,16
consumer,16
saying,16
totally,16
light,16
small,16
startupbus,16
door,16
afford,16
therapy,16
podcast,16
augmented,16
announced,16
whole,16
fascist,16
kind,16
blue,16
thinking,16
heart,16
leave,15
publishing,15
album,15
stand,15
fan,15
bettersearch,15
support,15
headed,15
focus,15
email,15
biggest,15
came,15
announces,15
technews,15
image,15
lego,15
yeah,15
leaving,15
hold,15
explorer,15
direction,15
walked,15
glad,15
interested,15
reason,15
loving,15
table,15
exclusive,15
sxflip,15
tried,15
survive,15
zlf,15
original,15
planet,15
dear,15
pearl,15
double,15
chris,15
swarm,15
us,15
corner,14
push,14
concept,14
cream,14
weird,14
mention,14
conf,14
bizzy,14
existence,14
testing,14
walk,14
lunch,14
longer,14
extra,14
sixth,14
inside,14
fire,14
beer,14
random,14
salon,14
arrived,14
square,14
networking,14
dont,14
crew,14
job,14
disc,14
public,14
connected,14
moment,14
friendly,14
care,14
though,14
concert,14
finding,14
japanese,14
quake,14
expect,14
brought,14
welcome,14
steve,14
personalized,14
appears,14
bank,14
conversation,14
streaming,14
upgrade,13
likely,13
print,13
putting,13
midnight,13
face,13
tip,13
tsunami,13
matter,13
devs,13
mine,13
limited,13
tradeshow,13
cross,13
joke,13
missing,13
shit,13
client,13
hoot,13
lose,13
min,13
lucky,13
hashable,13
techcrunch,13
speakeasy,13
coverage,13
suggestion,13
valuable,13
gearing,13
kindle,13
half,13
officially,13
invite,13
spending,13
disaster,13
hanging,13
posterous,13
dancing,13
lightbox,13
necro,13
three,13
founder,13
unofficial,13
drop,13
insight,13
title,13
kick,13
envy,13
happens,13
art,13
discovr,13
contest,13
recap,13
guard,13
lustre,13
yourmom,13
texting,13
entry,13
bavcid,13
josh,13
pass,13
station,12
matt,12
wrote,12
answer,12
account,12
created,12
shiny,12
movie,12
poursite,12
impact,12
realtime,12
quick,12
wild,12
response,12
history,12
solution,12
announcing,12
software,12
hate,12
googledoodle,12
celebrate,12
nexus,12
dashboard,12
cnn,12
popular,12
follower,12
becoming,12
score,12
gone,12
logo,12
donating,12
hmmm,12
feeling,12
staring,12
usguys,12
expected,12
doc,12
themed,12
accessibility,12
indie,12
order,12
keyboard,12
robot,12
latitude,12
water,12
worry,12
fade,12
hosted,12
signing,12
handle,12
kill,12
wearing,12
smartphone,12
youtube,12
style,12
baby,12
possible,12
native,12
side,12
adoption,12
john,12
rise,11
sunday,11
downloaded,11
hoping,11
waited,11
developing,11
doubt,11
denies,11
debut,11
showcase,11
finder,11
changed,11
remember,11
cover,11
promo,11
seriously,11
couple,11
announce,11
click,11
driving,11
told,11
single,11
gift,11
rsvp,11
nut,11
makeshift,11
spend,11
potential,11
spotted,11
learned,11
saturday,11
excellent,11
hiring,11
sorry,11
dwnld,11
torrent,11
survival,11
let,11
happen,11
trend,11
community,11
forgot,11
explanation,11
googlecircles,11
signal,11
listen,11
helping,11
announcement,11
zomb,11
paper,11
costume,11
impressive,11
circus,11
grape,11
andoid,11
downloading,11
custom,11
feed,11
beard,11
smackdown,11
competitor,11
classiest,11
leanstartup,11
novelty,11
advice,11
ton,11
ireport,11
taco,11
kinda,11
rumour,11
driver,11
scene,11
voice,11
roll,11
photography,11
hearing,11
sticker,11
simple,10
galaxy,10
featuring,10
spin,10
false,10
force,10
gadgets,10
hobo,10
insane,10
battle,10
agnerd,10
ridiculous,10
tune,10
preso,10
sayin,10
unboxing,10
sony,10
beautiful,10
short,10
essential,10
following,10
protip,10
packing,10
stage,10
spreadsheet,10
groupme,10
instagram,10
reminder,10
cause,10
price,10
mac,10
foot,10
agileagency,10
second,10
final,10
wave,10
charles,10
chen,10
speaking,10
solo,10
meyer,10
definitely,10
gold,10
figure,10
discussion,10
star,10
agency,10
venue,10
closed,10
zappos,10
curious,10
agchat,10
handing,10
serve,10
hack,10
mail,10
claim,10
presented,10
liked,10
rule,10
application,10
damn,10
bean,10
talked,10
desktop,10
sxswsa,10
discus,10
played,10
area,10
try,10
startups,10
delegate,10
actsofsharing,10
decision,10
beluga,10
program,10
west,10
truck,10
clear,10
anybody,10
demand,10
option,10
kicking,10
hyatt,10
swisher,10
war,10
playlist,10
innovation,10
reilly,9
wordpress,9
prefer,9
instant,9
vinh,9
hunt,9
record,9
competition,9
confession,9
teamandroid,9
along,9
trending,9
according,9
lead,9
downloads,9
four,9
attention,9
hire,9
currently,9
ahead,9
amazon,9
buyer,9
reveal,9
magic,9
bloody,9
charged,9
understand,9
checkout,9
fake,9
forming,9
rather,9
creative,9
ogilvy,9
cooler,9
realize,9
snap,9
death,9
privacybootcamp,9
swag,9
winner,9
webdoc,9
splash,9
happening,9
wrong,9
grill,9
otherwise,9
holy,9
knew,9
sketch,9
rockin,9
clearly,9
drawing,9
raise,9
aquent,9
cbatsxsw,9
recharge,9
xoom,9
newspaper,9
showed,9
wanted,9
launchrock,9
planning,9
tweeted,9
moving,9
form,9
hopefully,9
whrrl,9
traveling,9
aapl,9
include,9
homeless,9
elegant,9
copy,9
break,9
dark,9
entire,9
impression,9
woot,9
hcsm,9
partylikeits,9
function,9
entered,9
barton,9
wired,9
quite,9
health,9
bankinnovation,9
mass,9
class,9
intel,9
term,9
number,9
factor,9
dennis,9
size,9
clark,9
pull,9
stats,9
return,9
canadian,8
weather,8
effort,8
finger,8
provide,8
welivehere,8
level,8
continued,8
elusive,8
sync,8
blogging,8
alone,8
slide,8
fellow,8
research,8
brother,8
shout,8
respect,8
wall,8
personal,8
breaking,8
geekfest,8
fanboy,8
cant,8
driven,8
pocket,8
sleep,8
cyber,8
chromeos,8
discover,8
topic,8
portable,8
luck,8
rest,8
bound,8
kid,8
boom,8
zazzle,8
ticket,8
domain,8
beat,8
gaga,8
basically,8
foodspotting,8
hint,8
media,8
exist,8
shoot,8
epic,8
rocking,8
strange,8
pile,8
trustworthiness,8
longest,8
designer,8
alert,8
purchased,8
flip,8
surprised,8
highlight,8
observer,8
computing,8
theme,8
concertgoers,8
five,8
problem,8
complete,8
sxswcares,8
bunch,8
advertising,8
spilled,8
staying,8
sxtxstate,8
font,8
needed,8
emc,8
marketplace,8
sense,8
acoustic,8
interaction,8
twit,8
anymore,8
payment,8
fill,8
unless,8
mint,8
keeping,8
outlet,8
guardian,8
attendance,8
iron,8
caring,8
dropped,8
whoa,8
woohoo,8
avoid,8
cash,8
literally,8
cheer,8
popping,8
afar,8
museum,8
object,8
arriving,8
edition,8
piece,8
fsw,8
perfect,8
cisco,8
bjdproductions,8
surrounded,8
quickly,8
speaker,8
hashtag,8
broken,8
qrcode,8
iphones,8
self,8
seem,8
machine,8
deep,8
kara,8
cameron,8
sinclair,8
rate,8
policy,8
strong,7
dollar,7
sprint,7
easier,7
held,7
khoi,7
techie,7
bettercloud,7
recipe,7
somebody,7
studio,7
fado,7
butt,7
despite,7
deck,7
family,7
medical,7
suxsw,7
christmas,7
park,7
taken,7
shipment,7
hundred,7
monday,7
york,7
grateful,7
cnngrill,7
bulletproof,7
rhjr,7
message,7
build,7
starbucks,7
meant,7
american,7
lock,7
mechanic,7
tree,7
facetime,7
brian,7
office,7
author,7
host,7
stranger,7
restaurant,7
registration,7
leaf,7
govt,7
turned,7
finished,7
exciting,7
flying,7
appleatxdt,7
trump,7
lynn,7
timing,7
capture,7
retrollect,7
fell,7
streetview,7
pepsi,7
borrow,7
status,7
zaarly,7
nfusion,7
context,7
ironic,7
drunk,7
hang,7
loved,7
asks,7
etch,7
influence,7
display,7
exists,7
cheese,7
happened,7
shared,7
corporate,7
cvdc,7
sheen,7
third,7
vector,7
tomlinson,7
slap,7
canada,7
rating,7
sxswbuffalo,7
inventory,7
onto,7
seat,7
androidsxsw,7
alive,7
setup,7
normal,7
typing,7
lame,7
decided,7
thousand,7
smartphones,7
reaction,7
checked,7
hackathon,7
screw,7
touching,7
clean,7
bar,7
either,7
nonprofit,7
proof,7
cable,7
tuned,7
shade,7
mostly,7
filmaster,7
pas,7
wssxsw,7
press,7
hair,7
mapping,7
sacca,7
ensues,7
paid,7
hollow,7
autocorrect,7
entrepreneur,7
fully,7
difference,7
eventseekr,7
server,7
virtual,7
billion,7
stumbling,7
hosting,7
wrap,7
patio,7
latism,7
fashion,7
douche,7
ventured,7
switch,7
virgin,7
especially,7
society,7
dgtltribe,7
birthday,7
hisxsw,7
qrafter,7
madness,7
california,7
browserwars,7
road,7
passed,7
cashmore,7
overload,7
ratio,7
mobilefarm,7
panelist,7
preference,7
integration,7
aron,7
pilhofer,7
fave,7
promote,7
spearhead,7
pepsicostage,7
wife,7
scrm,7
wknd,7
devops,7
complex,7
loom,7
young,7
gear,6
awesomely,6
shotgun,6
allow,6
recording,6
yahoo,6
crash,6
presenting,6
headline,6
evidence,6
pagemaker,6
aware,6
towards,6
director,6
prep,6
owns,6
known,6
changing,6
actual,6
presenter,6
willing,6
solving,6
connection,6
growing,6
stopped,6
activity,6
lake,6
dream,6
chevy,6
refrigerator,6
releasing,6
noon,6
crowded,6
fucking,6
overheard,6
woke,6
positive,6
higher,6
tuesday,6
given,6
large,6
quality,6
amount,6
semantic,6
see,6
fantastic,6
accessory,6
anti,6
compete,6
webmaster,6
goog,6
cutts,6
topicality,6
googletv,6
become,6
dell,6
bout,6
revenue,6
scavenger,6
worst,6
backup,6
absolutely,6
evening,6
dropping,6
messaging,6
performance,6
fear,6
board,6
couch,6
auto,6
friends,6
drinking,6
likeability,6
venture,6
bcet,6
goggles,6
till,6
heck,6
lone,6
massive,6
marketer,6
paul,6
dang,6
charlie,6
goddess,6
zombie,6
subscription,6
grille,6
expensive,6
openbeta,6
poked,6
bot,6
creating,6
average,6
naomi,6
several,6
slow,6
impressed,6
delicious,6
management,6
supposedly,6
fact,6
chan,6
scarborough,6
engagement,6
country,6
nokiaconnects,6
smarter,6
ground,6
celebs,6
ebay,6
presence,6
unveil,6
comment,6
creator,6
sort,6
cannot,6
popupstore,6
banality,6
knitted,6
staircase,6
tomo,6
hilarious,6
plaid,6
mozilla,6
maes,6
born,6
zomg,6
study,6
unique,6
accuracy,6
upcoming,6
efficient,6
worked,6
earlier,6
mentioned,6
student,6
pubcamp,6
sxswnui,6
covered,6
filter,6
hashtags,6
bored,6
hotspot,6
middle,6
automatically,6
desk,6
lbs,6
quotables,6
multiple,6
donline,6
engineer,6
intro,6
private,6
jonathan,6
realized,6
calyp,6
guest,6
mother,6
generated,6
clever,6
chief,6
fuck,6
excuse,6
autocorrects,6
sem,6
topnews,6
cursor,6
fine,6
gallery,6
charity,6
xperia,6
parking,6
burn,6
ausxsw,6
successful,6
saveustechies,6
atari,6
dynamic,6
googledoodles,6
uber,6
woah,6
simply,6
multi,6
direct,6
offering,6
fest,6
body,6
total,6
vcards,6
hipstamatic,6
brings,6
steal,6
path,6
mindjet,6
international,6
hell,6
energy,6
experiment,6
farmer,6
reporting,6
netflixiphone,6
coolest,6
printed,6
digging,6
democracy,6
way,6
survived,6
silly,6
opera,6
domo,6
endorsed,6
lined,6
michael,6
simplicity,6
minor,6
imacs,6
doctor,6
protecting,6
tonite,6
seenocreepy,6
retweet,6
deviantart,6
audio,6
liberty,6
sxswpass,6
appreciate,5
jump,5
lovely,5
pure,5
okay,5
installed,5
promotion,5
popped,5
fiona,5
staff,5
sxsh,5
spark,5
newbie,5
smallbiz,5
entirely,5
billboard,5
jean,5
composed,5
sunny,5
frostwire,5
thats,5
closure,5
add,5
freak,5
arduino,5
speaks,5
porn,5
mall,5
temptation,5
games,5
safari,5
unloading,5
teaching,5
process,5
gamestorming,5
mode,5
shape,5
evolvingworkplace,5
decide,5
lesson,5
akqa,5
diff,5
vids,5
surely,5
fanboys,5
field,5
identity,5
showcasing,5
principle,5
goer,5
intuit,5
reputation,5
key,5
connectedtv,5
sxsw,5
sxswic,5
cell,5
goodness,5
movement,5
included,5
att,5
crashing,5
answering,5
sxswnl,5
obsolete,5
linking,5
finalist,5
etsy,5
passing,5
performer,5
engaging,5
awaits,5
radio,5
sketchup,5
detailed,5
panhandling,5
upload,5
bird,5
interviewed,5
mashup,5
mover,5
shaker,5
ebook,5
within,5
sent,5
challenged,5
innovate,5
partying,5
extended,5
grilled,5
delivered,5
hacking,5
brightness,5
zazzlsxsw,5
ouch,5
tmsxsw,5
cough,5
tues,5
tempted,5
participating,5
comp,5
wiley,5
europe,5
draw,5
wine,5
library,5
thankyouecon,5
eats,5
bbq,5
campbell,5
rage,5
fedora,5
alternate,5
rare,5
sched,5
count,5
current,5
convinced,5
majority,5
unveiling,5
geogames,5
dangerous,5
buddy,5
install,5
eating,5
tiny,5
skype,5
common,5
carry,5
thin,5
mosaicxm,5
ios,5
netbook,5
letting,5
range,5
penney,5
debuting,5
glass,5
thru,5
child,5
localmind,5
swiss,5
wishing,5
peak,5
sadly,5
relevant,5
jones,5
plant,5
sxswmobileapps,5
purpose,5
gary,5
bike,5
boyfriend,5
banking,5
events,5
profile,5
footage,5
playsxsw,5
spring,5
hmmmm,5
redcross,5
invades,5
scan,5
rank,5
assume,5
color,5
scarbrough,5
somehow,5
covering,5
layer,5
member,5
smileyparty,5
checkin,5
schwag,5
sauce,5
suggest,5
pattern,5
anatomy,5
shuttle,5
improvement,5
sandwich,5
recommend,5
sxswaccel,5
quote,5
load,5
mission,5
takeaway,5
write,5
refine,5
utility,5
mitharvard,5
megastore,5
task,5
courtesy,5
talented,5
correct,5
wrapping,5
writing,5
put,5
allowing,5
innovator,5
valley,5
branded,5
produced,5
copyright,5
awesomeness,5
melissa,5
optimistic,5
awkward,5
chatting,5
taste,5
category,5
wilderness,5
genentech,5
top,5
regular,5
bldg,5
trailer,5
completely,5
urinal,5
filling,5
discussing,5
toast,5
newest,5
border,5
stuck,5
spoke,5
appearance,5
shortly,5
chip,5
browsing,5
compatible,5
position,5
hide,5
installing,5
incl,5
downstairs,5
cult,5
pauly,5
shoe,5
ecosystem,5
viewed,5
pitch,5
dominance,5
demoing,5
unveiled,5
exactly,5
afternoon,5
navigating,5
mess,5
lining,5
apis,5
technical,5
chatter,5
anyway,5
yellow,5
stole,5
attended,5
lineup,5
academy,5
maps,5
photobooth,5
box,5
applestore,5
sxswparty,5
fandango,5
celebrating,5
bread,5
struggle,5
former,5
definition,5
error,5
timely,5
continues,5
ability,5
exploiting,5
pushio,5
blame,5
immersive,5
enterprise,5
accessible,5
percent,5
honor,5
urthots,5
mcree,5
tweeps,5
coupon,5
acquired,5
talent,5
plugin,4
impromptu,4
tumblr,4
engage,4
conde,4
nast,4
rush,4
fundamental,4
misunderstanding,4
futuremf,4
spec,4
nifty,4
promise,4
peek,4
slated,4
mhealth,4
xmas,4
perfectly,4
notatsxsw,4
nearby,4
hopping,4
moonbot,4
louisiana,4
edtech,4
fightthepaddle,4
theatre,4
cost,4
crisis,4
reply,4
terrible,4
cocktail,4
survey,4
audioboo,4
curated,4
thirsty,4
flaming,4
skull,4
smartthings,4
